"Date","weekday","month"
2020-07-30,"Thursday","July"
2020-07-31,"Friday","July"
2020-08-01,"Saturday","August"
2020-08-02,"Sunday","August"
2020-08-03,"Monday","August"
2020-08-04,"Tuesday","August"
2020-08-05,"Wednesday","August"
2020-08-06,"Thursday","August"
2020-08-07,"Friday","August"
2020-08-08,"Saturday","August"
2020-08-09,"Sunday","August"
2020-08-10,"Monday","August"
2020-08-11,"Tuesday","August"
2020-08-12,"Wednesday","August"
2020-08-13,"Thursday","August"
2020-08-14,"Friday","August"
2020-08-15,"Saturday","August"
2020-08-16,"Sunday","August"
2020-08-17,"Monday","August"
2020-08-18,"Tuesday","August"
2020-08-19,"Wednesday","August"
2020-08-20,"Thursday","August"
2020-08-21,"Friday","August"
2020-08-22,"Saturday","August"
2020-08-23,"Sunday","August"
2020-08-24,"Monday","August"
2020-08-25,"Tuesday","August"
2020-08-26,"Wednesday","August"
2020-08-27,"Thursday","August"
2020-08-28,"Friday","August"
2020-08-29,"Saturday","August"
2020-08-30,"Sunday","August"
2020-08-31,"Monday","August"
2020-09-01,"Tuesday","September"
2020-09-02,"Wednesday","September"
2020-09-03,"Thursday","September"
2020-09-04,"Friday","September"
2020-09-05,"Saturday","September"
2020-09-06,"Sunday","September"
2020-09-07,"Monday","September"
2020-09-08,"Tuesday","September"
2020-09-09,"Wednesday","September"
2020-09-10,"Thursday","September"
2020-09-11,"Friday","September"
2020-09-12,"Saturday","September"
2020-09-13,"Sunday","September"
2020-09-14,"Monday","September"
2020-09-15,"Tuesday","September"
2020-09-16,"Wednesday","September"
2020-09-17,"Thursday","September"
2020-09-18,"Friday","September"
2020-09-19,"Saturday","September"
2020-09-20,"Sunday","September"
2020-09-21,"Monday","September"
2020-09-22,"Tuesday","September"
2020-09-23,"Wednesday","September"
2020-09-24,"Thursday","September"
2020-09-25,"Friday","September"
2020-09-26,"Saturday","September"
2020-09-27,"Sunday","September"
2020-09-28,"Monday","September"
2020-09-29,"Tuesday","September"
2020-09-30,"Wednesday","September"
2020-10-01,"Thursday","October"
2020-10-02,"Friday","October"
2020-10-03,"Saturday","October"
2020-10-04,"Sunday","October"
2020-10-05,"Monday","October"
2020-10-06,"Tuesday","October"
2020-10-07,"Wednesday","October"
2020-10-08,"Thursday","October"
2020-10-09,"Friday","October"
2020-10-10,"Saturday","October"
2020-10-11,"Sunday","October"
2020-10-12,"Monday","October"
2020-10-13,"Tuesday","October"
2020-10-14,"Wednesday","October"
2020-10-15,"Thursday","October"
2020-10-16,"Friday","October"
2020-10-17,"Saturday","October"
2020-10-18,"Sunday","October"
2020-10-19,"Monday","October"
2020-10-20,"Tuesday","October"
2020-10-21,"Wednesday","October"
2020-10-22,"Thursday","October"
2020-10-23,"Friday","October"
2020-10-24,"Saturday","October"
2020-10-25,"Sunday","October"
2020-10-26,"Monday","October"
2020-10-27,"Tuesday","October"
2020-10-28,"Wednesday","October"
2020-10-29,"Thursday","October"
2020-10-30,"Friday","October"
2020-10-31,"Saturday","October"
2020-11-01,"Sunday","November"
2020-11-02,"Monday","November"
2020-11-03,"Tuesday","November"
2020-11-04,"Wednesday","November"
2020-11-05,"Thursday","November"
2020-11-06,"Friday","November"
2020-11-07,"Saturday","November"
2020-11-08,"Sunday","November"
2020-11-09,"Monday","November"
2020-11-10,"Tuesday","November"
2020-11-11,"Wednesday","November"
2020-11-12,"Thursday","November"
2020-11-13,"Friday","November"
2020-11-14,"Saturday","November"
2020-11-15,"Sunday","November"
2020-11-16,"Monday","November"
2020-11-17,"Tuesday","November"
2020-11-18,"Wednesday","November"
2020-11-19,"Thursday","November"
2020-11-20,"Friday","November"
2020-11-21,"Saturday","November"
2020-11-22,"Sunday","November"
2020-11-23,"Monday","November"
2020-11-24,"Tuesday","November"
2020-11-25,"Wednesday","November"
2020-11-26,"Thursday","November"
2020-11-27,"Friday","November"
2020-11-28,"Saturday","November"
2020-11-29,"Sunday","November"
2020-11-30,"Monday","November"
2020-12-01,"Tuesday","December"
2020-12-02,"Wednesday","December"
2020-12-03,"Thursday","December"
2020-12-04,"Friday","December"
2020-12-05,"Saturday","December"
2020-12-06,"Sunday","December"
2020-12-07,"Monday","December"
2020-12-08,"Tuesday","December"
2020-12-09,"Wednesday","December"
2020-12-10,"Thursday","December"
2020-12-11,"Friday","December"
2020-12-12,"Saturday","December"
2020-12-13,"Sunday","December"
2020-12-14,"Monday","December"
2020-12-15,"Tuesday","December"
2020-12-16,"Wednesday","December"
2020-12-17,"Thursday","December"
2020-12-18,"Friday","December"
2020-12-19,"Saturday","December"
2020-12-20,"Sunday","December"
2020-12-21,"Monday","December"
2020-12-22,"Tuesday","December"
2020-12-23,"Wednesday","December"
2020-12-24,"Thursday","December"
2020-12-25,"Friday","December"
2020-12-26,"Saturday","December"
2020-12-27,"Sunday","December"
2020-12-28,"Monday","December"
2020-12-29,"Tuesday","December"
2020-12-30,"Wednesday","December"
2020-12-31,"Thursday","December"
2021-01-01,"Friday","January"
2021-01-02,"Saturday","January"
2021-01-03,"Sunday","January"
2021-01-04,"Monday","January"
2021-01-05,"Tuesday","January"
2021-01-06,"Wednesday","January"
2021-01-07,"Thursday","January"
2021-01-08,"Friday","January"
2021-01-09,"Saturday","January"
2021-01-10,"Sunday","January"
2021-01-11,"Monday","January"
2021-01-12,"Tuesday","January"
2021-01-13,"Wednesday","January"
2021-01-14,"Thursday","January"
2021-01-15,"Friday","January"
2021-01-16,"Saturday","January"
2021-01-17,"Sunday","January"
2021-01-18,"Monday","January"
2021-01-19,"Tuesday","January"
2021-01-20,"Wednesday","January"
2021-01-21,"Thursday","January"
2021-01-22,"Friday","January"
2021-01-23,"Saturday","January"
2021-01-24,"Sunday","January"
2021-01-25,"Monday","January"
2021-01-26,"Tuesday","January"
2021-01-27,"Wednesday","January"
2021-01-28,"Thursday","January"
2021-01-29,"Friday","January"
2021-01-30,"Saturday","January"
2021-01-31,"Sunday","January"
2021-02-01,"Monday","February"
2021-02-02,"Tuesday","February"
2021-02-03,"Wednesday","February"
2021-02-04,"Thursday","February"
2021-02-05,"Friday","February"
2021-02-06,"Saturday","February"
2021-02-07,"Sunday","February"
2021-02-08,"Monday","February"
2021-02-09,"Tuesday","February"
2021-02-10,"Wednesday","February"
2021-02-11,"Thursday","February"
2021-02-12,"Friday","February"
2021-02-13,"Saturday","February"
2021-02-14,"Sunday","February"
2021-02-15,"Monday","February"
2021-02-16,"Tuesday","February"
2021-02-17,"Wednesday","February"
2021-02-18,"Thursday","February"
2021-02-19,"Friday","February"
2021-02-20,"Saturday","February"
2021-02-21,"Sunday","February"
2021-02-22,"Monday","February"
2021-02-23,"Tuesday","February"
2021-02-24,"Wednesday","February"
2021-02-25,"Thursday","February"
2021-02-26,"Friday","February"
2021-02-27,"Saturday","February"
2021-02-28,"Sunday","February"
2021-03-01,"Monday","March"
2021-03-02,"Tuesday","March"
2021-03-03,"Wednesday","March"
2021-03-04,"Thursday","March"
2021-03-05,"Friday","March"
2021-03-06,"Saturday","March"
2021-03-07,"Sunday","March"
2021-03-08,"Monday","March"
2021-03-09,"Tuesday","March"
2021-03-10,"Wednesday","March"
2021-03-11,"Thursday","March"
2021-03-12,"Friday","March"
2021-03-13,"Saturday","March"
2021-03-14,"Sunday","March"
2021-03-15,"Monday","March"
2021-03-16,"Tuesday","March"
2021-03-17,"Wednesday","March"
2021-03-18,"Thursday","March"
2021-03-19,"Friday","March"
2021-03-20,"Saturday","March"
2021-03-21,"Sunday","March"
2021-03-22,"Monday","March"
2021-03-23,"Tuesday","March"
2021-03-24,"Wednesday","March"
2021-03-25,"Thursday","March"
2021-03-26,"Friday","March"
2021-03-27,"Saturday","March"
2021-03-28,"Sunday","March"
2021-03-29,"Monday","March"
2021-03-30,"Tuesday","March"
2021-03-31,"Wednesday","March"
2021-04-01,"Thursday","April"
2021-04-02,"Friday","April"
2021-04-03,"Saturday","April"
2021-04-04,"Sunday","April"
2021-04-05,"Monday","April"
2021-04-06,"Tuesday","April"
2021-04-07,"Wednesday","April"
2021-04-08,"Thursday","April"
2021-04-09,"Friday","April"
2021-04-10,"Saturday","April"
2021-04-11,"Sunday","April"
2021-04-12,"Monday","April"
2021-04-13,"Tuesday","April"
2021-04-14,"Wednesday","April"
2021-04-15,"Thursday","April"
2021-04-16,"Friday","April"
2021-04-17,"Saturday","April"
2021-04-18,"Sunday","April"
2021-04-19,"Monday","April"
2021-04-20,"Tuesday","April"
2021-04-21,"Wednesday","April"
2021-04-22,"Thursday","April"
2021-04-23,"Friday","April"
2021-04-24,"Saturday","April"
2021-04-25,"Sunday","April"
2021-04-26,"Monday","April"
2021-04-27,"Tuesday","April"
2021-04-28,"Wednesday","April"
2021-04-29,"Thursday","April"
2021-04-30,"Friday","April"
2021-05-01,"Saturday","May"
2021-05-02,"Sunday","May"
2021-05-03,"Monday","May"
2021-05-04,"Tuesday","May"
2021-05-05,"Wednesday","May"
2021-05-06,"Thursday","May"
2021-05-07,"Friday","May"
2021-05-08,"Saturday","May"
2021-05-09,"Sunday","May"
2021-05-10,"Monday","May"
2021-05-11,"Tuesday","May"
2021-05-12,"Wednesday","May"
2021-05-13,"Thursday","May"
2021-05-14,"Friday","May"
2021-05-15,"Saturday","May"
2021-05-16,"Sunday","May"
2021-05-17,"Monday","May"
2021-05-18,"Tuesday","May"
2021-05-19,"Wednesday","May"
2021-05-20,"Thursday","May"
2021-05-21,"Friday","May"
2021-05-22,"Saturday","May"
2021-05-23,"Sunday","May"
2021-05-24,"Monday","May"
2021-05-25,"Tuesday","May"
2021-05-26,"Wednesday","May"
2021-05-27,"Thursday","May"
2021-05-28,"Friday","May"
2021-05-29,"Saturday","May"
2021-05-30,"Sunday","May"
2021-05-31,"Monday","May"
2021-06-01,"Tuesday","June"
2021-06-02,"Wednesday","June"
2021-06-03,"Thursday","June"
2021-06-04,"Friday","June"
2021-06-05,"Saturday","June"
2021-06-06,"Sunday","June"
2021-06-07,"Monday","June"
2021-06-08,"Tuesday","June"
2021-06-09,"Wednesday","June"
2021-06-10,"Thursday","June"
2021-06-11,"Friday","June"
2021-06-12,"Saturday","June"
2021-06-13,"Sunday","June"
2021-06-14,"Monday","June"
2021-06-15,"Tuesday","June"
2021-06-16,"Wednesday","June"
2021-06-17,"Thursday","June"
2021-06-18,"Friday","June"
2021-06-19,"Saturday","June"
2021-06-20,"Sunday","June"
2021-06-21,"Monday","June"
2021-06-22,"Tuesday","June"
2021-06-23,"Wednesday","June"
2021-06-24,"Thursday","June"
2021-06-25,"Friday","June"
2021-06-26,"Saturday","June"
2021-06-27,"Sunday","June"
2021-06-28,"Monday","June"
2021-06-29,"Tuesday","June"
2021-06-30,"Wednesday","June"
2021-07-01,"Thursday","July"
2021-07-02,"Friday","July"
2021-07-03,"Saturday","July"
2021-07-04,"Sunday","July"
2021-07-05,"Monday","July"
2021-07-06,"Tuesday","July"
2021-07-07,"Wednesday","July"
2021-07-08,"Thursday","July"
2021-07-09,"Friday","July"
2021-07-10,"Saturday","July"
2021-07-11,"Sunday","July"
2021-07-12,"Monday","July"
2021-07-13,"Tuesday","July"
2021-07-14,"Wednesday","July"
2021-07-15,"Thursday","July"
2021-07-16,"Friday","July"
2021-07-17,"Saturday","July"
2021-07-18,"Sunday","July"
2021-07-19,"Monday","July"
2021-07-20,"Tuesday","July"
2021-07-21,"Wednesday","July"
2021-07-22,"Thursday","July"
2021-07-23,"Friday","July"
2021-07-24,"Saturday","July"
2021-07-25,"Sunday","July"
2021-07-26,"Monday","July"
2021-07-27,"Tuesday","July"
2021-07-28,"Wednesday","July"
2021-07-29,"Thursday","July"
2021-07-30,"Friday","July"
2021-07-31,"Saturday","July"
2021-08-01,"Sunday","August"
2021-08-02,"Monday","August"
2021-08-03,"Tuesday","August"
2021-08-04,"Wednesday","August"
2021-08-05,"Thursday","August"
2021-08-06,"Friday","August"
2021-08-07,"Saturday","August"
2021-08-08,"Sunday","August"
2021-08-09,"Monday","August"
2021-08-10,"Tuesday","August"
2021-08-11,"Wednesday","August"
2021-08-12,"Thursday","August"
2021-08-13,"Friday","August"
2021-08-14,"Saturday","August"
2021-08-15,"Sunday","August"
2021-08-16,"Monday","August"
2021-08-17,"Tuesday","August"
2021-08-18,"Wednesday","August"
2021-08-19,"Thursday","August"
2021-08-20,"Friday","August"
2021-08-21,"Saturday","August"
2021-08-22,"Sunday","August"
2021-08-23,"Monday","August"
2021-08-24,"Tuesday","August"
2021-08-25,"Wednesday","August"
2021-08-26,"Thursday","August"
2021-08-27,"Friday","August"
2021-08-28,"Saturday","August"
2021-08-29,"Sunday","August"
2021-08-30,"Monday","August"
2021-08-31,"Tuesday","August"
2021-09-01,"Wednesday","September"
2021-09-02,"Thursday","September"
2021-09-03,"Friday","September"
2021-09-04,"Saturday","September"
2021-09-05,"Sunday","September"
2021-09-06,"Monday","September"
2021-09-07,"Tuesday","September"
2021-09-08,"Wednesday","September"
2021-09-09,"Thursday","September"
2021-09-10,"Friday","September"
2021-09-11,"Saturday","September"
2021-09-12,"Sunday","September"
2021-09-13,"Monday","September"
2021-09-14,"Tuesday","September"
2021-09-15,"Wednesday","September"
2021-09-16,"Thursday","September"
2021-09-17,"Friday","September"
2021-09-18,"Saturday","September"
2021-09-19,"Sunday","September"
2021-09-20,"Monday","September"
2021-09-21,"Tuesday","September"
2021-09-22,"Wednesday","September"
2021-09-23,"Thursday","September"
2021-09-24,"Friday","September"
2021-09-25,"Saturday","September"
2021-09-26,"Sunday","September"
2021-09-27,"Monday","September"
2021-09-28,"Tuesday","September"
2021-09-29,"Wednesday","September"
2021-09-30,"Thursday","September"
2021-10-01,"Friday","October"
2021-10-02,"Saturday","October"
2021-10-03,"Sunday","October"
2021-10-04,"Monday","October"
2021-10-05,"Tuesday","October"
2021-10-06,"Wednesday","October"
2021-10-07,"Thursday","October"
2021-10-08,"Friday","October"
2021-10-09,"Saturday","October"
2021-10-10,"Sunday","October"
2021-10-11,"Monday","October"
2021-10-12,"Tuesday","October"
2021-10-13,"Wednesday","October"
2021-10-14,"Thursday","October"
2021-10-15,"Friday","October"
2021-10-16,"Saturday","October"
2021-10-17,"Sunday","October"
2021-10-18,"Monday","October"
2021-10-19,"Tuesday","October"
2021-10-20,"Wednesday","October"
2021-10-21,"Thursday","October"
2021-10-22,"Friday","October"
2021-10-23,"Saturday","October"
2021-10-24,"Sunday","October"
2021-10-25,"Monday","October"
2021-10-26,"Tuesday","October"
2021-10-27,"Wednesday","October"
2021-10-28,"Thursday","October"
2021-10-29,"Friday","October"
2021-10-30,"Saturday","October"
2021-10-31,"Sunday","October"
2021-11-01,"Monday","November"
2021-11-02,"Tuesday","November"
2021-11-03,"Wednesday","November"
2021-11-04,"Thursday","November"
2021-11-05,"Friday","November"
2021-11-06,"Saturday","November"
2021-11-07,"Sunday","November"
2021-11-08,"Monday","November"
2021-11-09,"Tuesday","November"
2021-11-10,"Wednesday","November"
2021-11-11,"Thursday","November"
2021-11-12,"Friday","November"
2021-11-13,"Saturday","November"
2021-11-14,"Sunday","November"
2021-11-15,"Monday","November"
2021-11-16,"Tuesday","November"
2021-11-17,"Wednesday","November"
2021-11-18,"Thursday","November"
2021-11-19,"Friday","November"
2021-11-20,"Saturday","November"
2021-11-21,"Sunday","November"
2021-11-22,"Monday","November"
2021-11-23,"Tuesday","November"
2021-11-24,"Wednesday","November"
2021-11-25,"Thursday","November"
2021-11-26,"Friday","November"
2021-11-27,"Saturday","November"
2021-11-28,"Sunday","November"
2021-11-29,"Monday","November"
2021-11-30,"Tuesday","November"
2021-12-01,"Wednesday","December"
2021-12-02,"Thursday","December"
2021-12-03,"Friday","December"
2021-12-04,"Saturday","December"
2021-12-05,"Sunday","December"
2021-12-06,"Monday","December"
2021-12-07,"Tuesday","December"
2021-12-08,"Wednesday","December"
2021-12-09,"Thursday","December"
2021-12-10,"Friday","December"
2021-12-11,"Saturday","December"
2021-12-12,"Sunday","December"
2021-12-13,"Monday","December"
2021-12-14,"Tuesday","December"
2021-12-15,"Wednesday","December"
2021-12-16,"Thursday","December"
2021-12-17,"Friday","December"
2021-12-18,"Saturday","December"
2021-12-19,"Sunday","December"
2021-12-20,"Monday","December"
2021-12-21,"Tuesday","December"
2021-12-22,"Wednesday","December"
2021-12-23,"Thursday","December"
2021-12-24,"Friday","December"
2021-12-25,"Saturday","December"
2021-12-26,"Sunday","December"
2021-12-27,"Monday","December"
2021-12-28,"Tuesday","December"
2021-12-29,"Wednesday","December"
2021-12-30,"Thursday","December"
2021-12-31,"Friday","December"
2022-01-01,"Saturday","January"
2022-01-02,"Sunday","January"
2022-01-03,"Monday","January"
2022-01-04,"Tuesday","January"
2022-01-05,"Wednesday","January"
2022-01-06,"Thursday","January"
2022-01-07,"Friday","January"
2022-01-08,"Saturday","January"
2022-01-09,"Sunday","January"
2022-01-10,"Monday","January"
2022-01-11,"Tuesday","January"
2022-01-12,"Wednesday","January"
2022-01-13,"Thursday","January"
2022-01-14,"Friday","January"
2022-01-15,"Saturday","January"
2022-01-16,"Sunday","January"
2022-01-17,"Monday","January"
2022-01-18,"Tuesday","January"
2022-01-19,"Wednesday","January"
2022-01-20,"Thursday","January"
2022-01-21,"Friday","January"
2022-01-22,"Saturday","January"
2022-01-23,"Sunday","January"
2022-01-24,"Monday","January"
2022-01-25,"Tuesday","January"
2022-01-26,"Wednesday","January"
2022-01-27,"Thursday","January"
2022-01-28,"Friday","January"
2022-01-29,"Saturday","January"
2022-01-30,"Sunday","January"
2022-01-31,"Monday","January"
2022-02-01,"Tuesday","February"
2022-02-02,"Wednesday","February"
2022-02-03,"Thursday","February"
2022-02-04,"Friday","February"
2022-02-05,"Saturday","February"
2022-02-06,"Sunday","February"
2022-02-07,"Monday","February"
2022-02-08,"Tuesday","February"
2022-02-09,"Wednesday","February"
2022-02-10,"Thursday","February"
2022-02-11,"Friday","February"
2022-02-12,"Saturday","February"
2022-02-13,"Sunday","February"
2022-02-14,"Monday","February"
2022-02-15,"Tuesday","February"
2022-02-16,"Wednesday","February"
2022-02-17,"Thursday","February"
2022-02-18,"Friday","February"
2022-02-19,"Saturday","February"
2022-02-20,"Sunday","February"
2022-02-21,"Monday","February"
2022-02-22,"Tuesday","February"
2022-02-23,"Wednesday","February"
2022-02-24,"Thursday","February"
2022-02-25,"Friday","February"
2022-02-26,"Saturday","February"
2022-02-27,"Sunday","February"
2022-02-28,"Monday","February"
2022-03-01,"Tuesday","March"
2022-03-02,"Wednesday","March"
2022-03-03,"Thursday","March"
2022-03-04,"Friday","March"
2022-03-05,"Saturday","March"
2022-03-06,"Sunday","March"
2022-03-07,"Monday","March"
2022-03-08,"Tuesday","March"
2022-03-09,"Wednesday","March"
2022-03-10,"Thursday","March"
2022-03-11,"Friday","March"
2022-03-12,"Saturday","March"
2022-03-13,"Sunday","March"
2022-03-14,"Monday","March"
2022-03-15,"Tuesday","March"
2022-03-16,"Wednesday","March"
2022-03-17,"Thursday","March"
2022-03-18,"Friday","March"
2022-03-19,"Saturday","March"
2022-03-20,"Sunday","March"
2022-03-21,"Monday","March"
2022-03-22,"Tuesday","March"
2022-03-23,"Wednesday","March"
2022-03-24,"Thursday","March"
2022-03-25,"Friday","March"
2022-03-26,"Saturday","March"
2022-03-27,"Sunday","March"
2022-03-28,"Monday","March"
2022-03-29,"Tuesday","March"
2022-03-30,"Wednesday","March"
2022-03-31,"Thursday","March"
2022-04-01,"Friday","April"
2022-04-02,"Saturday","April"
2022-04-03,"Sunday","April"
2022-04-04,"Monday","April"
2022-04-05,"Tuesday","April"
2022-04-06,"Wednesday","April"
2022-04-07,"Thursday","April"
2022-04-08,"Friday","April"
2022-04-09,"Saturday","April"
2022-04-10,"Sunday","April"
2022-04-11,"Monday","April"
2022-04-12,"Tuesday","April"
2022-04-13,"Wednesday","April"
2022-04-14,"Thursday","April"
2022-04-15,"Friday","April"
2022-04-16,"Saturday","April"
2022-04-17,"Sunday","April"
2022-04-18,"Monday","April"
2022-04-19,"Tuesday","April"
2022-04-20,"Wednesday","April"
2022-04-21,"Thursday","April"
2022-04-22,"Friday","April"
2022-04-23,"Saturday","April"
2022-04-24,"Sunday","April"
2022-04-25,"Monday","April"
2022-04-26,"Tuesday","April"
2022-04-27,"Wednesday","April"
2022-04-28,"Thursday","April"
2022-04-29,"Friday","April"
2022-04-30,"Saturday","April"
2022-05-01,"Sunday","May"
2022-05-02,"Monday","May"
2022-05-03,"Tuesday","May"
2022-05-04,"Wednesday","May"
2022-05-05,"Thursday","May"
2022-05-06,"Friday","May"
2022-05-07,"Saturday","May"
2022-05-08,"Sunday","May"
2022-05-09,"Monday","May"
2022-05-10,"Tuesday","May"
2022-05-11,"Wednesday","May"
2022-05-12,"Thursday","May"
2022-05-13,"Friday","May"
2022-05-14,"Saturday","May"
2022-05-15,"Sunday","May"
2022-05-16,"Monday","May"
2022-05-17,"Tuesday","May"
2022-05-18,"Wednesday","May"
2022-05-19,"Thursday","May"
2022-05-20,"Friday","May"
2022-05-21,"Saturday","May"
2022-05-22,"Sunday","May"
2022-05-23,"Monday","May"
2022-05-24,"Tuesday","May"
2022-05-25,"Wednesday","May"
2022-05-26,"Thursday","May"
2022-05-27,"Friday","May"
2022-05-28,"Saturday","May"
2022-05-29,"Sunday","May"
2022-05-30,"Monday","May"
2022-05-31,"Tuesday","May"
2022-06-01,"Wednesday","June"
2022-06-02,"Thursday","June"
2022-06-03,"Friday","June"
2022-06-04,"Saturday","June"
2022-06-05,"Sunday","June"
2022-06-06,"Monday","June"
2022-06-07,"Tuesday","June"
2022-06-08,"Wednesday","June"
2022-06-09,"Thursday","June"
2022-06-10,"Friday","June"
2022-06-11,"Saturday","June"
2022-06-12,"Sunday","June"
2022-06-13,"Monday","June"
2022-06-14,"Tuesday","June"
2022-06-15,"Wednesday","June"
2022-06-16,"Thursday","June"
2022-06-17,"Friday","June"
2022-06-18,"Saturday","June"
2022-06-19,"Sunday","June"
2022-06-20,"Monday","June"
2022-06-21,"Tuesday","June"
2022-06-22,"Wednesday","June"
2022-06-23,"Thursday","June"
2022-06-24,"Friday","June"
2022-06-25,"Saturday","June"
2022-06-26,"Sunday","June"
2022-06-27,"Monday","June"
2022-06-28,"Tuesday","June"
2022-06-29,"Wednesday","June"
2022-06-30,"Thursday","June"
2022-07-01,"Friday","July"
2022-07-02,"Saturday","July"
2022-07-03,"Sunday","July"
2022-07-04,"Monday","July"
2022-07-05,"Tuesday","July"
2022-07-06,"Wednesday","July"
2022-07-07,"Thursday","July"
2022-07-08,"Friday","July"
2022-07-09,"Saturday","July"
2022-07-10,"Sunday","July"
2022-07-11,"Monday","July"
2022-07-12,"Tuesday","July"
2022-07-13,"Wednesday","July"
2022-07-14,"Thursday","July"
2022-07-15,"Friday","July"
2022-07-16,"Saturday","July"
2022-07-17,"Sunday","July"
2022-07-18,"Monday","July"
2022-07-19,"Tuesday","July"
2022-07-20,"Wednesday","July"
2022-07-21,"Thursday","July"
2022-07-22,"Friday","July"
2022-07-23,"Saturday","July"
2022-07-24,"Sunday","July"
2022-07-25,"Monday","July"
2022-07-26,"Tuesday","July"
2022-07-27,"Wednesday","July"
2022-07-28,"Thursday","July"
2022-07-29,"Friday","July"
2022-07-30,"Saturday","July"
2022-07-31,"Sunday","July"
2022-08-01,"Monday","August"
2022-08-02,"Tuesday","August"
2022-08-03,"Wednesday","August"
2022-08-04,"Thursday","August"
2022-08-05,"Friday","August"
2022-08-06,"Saturday","August"
2022-08-07,"Sunday","August"
2022-08-08,"Monday","August"
2022-08-09,"Tuesday","August"
2022-08-10,"Wednesday","August"
2022-08-11,"Thursday","August"
2022-08-12,"Friday","August"
2022-08-13,"Saturday","August"
2022-08-14,"Sunday","August"
2022-08-15,"Monday","August"
2022-08-16,"Tuesday","August"
2022-08-17,"Wednesday","August"
2022-08-18,"Thursday","August"
2022-08-19,"Friday","August"
2022-08-20,"Saturday","August"
2022-08-21,"Sunday","August"
2022-08-22,"Monday","August"
2022-08-23,"Tuesday","August"
2022-08-24,"Wednesday","August"
2022-08-25,"Thursday","August"
2022-08-26,"Friday","August"
2022-08-27,"Saturday","August"
2022-08-28,"Sunday","August"
2022-08-29,"Monday","August"
2022-08-30,"Tuesday","August"
2022-08-31,"Wednesday","August"
2022-09-01,"Thursday","September"
2022-09-02,"Friday","September"
2022-09-03,"Saturday","September"
2022-09-04,"Sunday","September"
2022-09-05,"Monday","September"
2022-09-06,"Tuesday","September"
2022-09-07,"Wednesday","September"
2022-09-08,"Thursday","September"
2022-09-09,"Friday","September"
2022-09-10,"Saturday","September"
2022-09-11,"Sunday","September"
2022-09-12,"Monday","September"
2022-09-13,"Tuesday","September"
2022-09-14,"Wednesday","September"
2022-09-15,"Thursday","September"
2022-09-16,"Friday","September"
2022-09-17,"Saturday","September"
2022-09-18,"Sunday","September"
2022-09-19,"Monday","September"
2022-09-20,"Tuesday","September"
2022-09-21,"Wednesday","September"
2022-09-22,"Thursday","September"
2022-09-23,"Friday","September"
2022-09-24,"Saturday","September"
2022-09-25,"Sunday","September"
2022-09-26,"Monday","September"
2022-09-27,"Tuesday","September"
2022-09-28,"Wednesday","September"
2022-09-29,"Thursday","September"
2022-09-30,"Friday","September"
2022-10-01,"Saturday","October"
2022-10-02,"Sunday","October"
2022-10-03,"Monday","October"
2022-10-04,"Tuesday","October"
2022-10-05,"Wednesday","October"
2022-10-06,"Thursday","October"
2022-10-07,"Friday","October"
2022-10-08,"Saturday","October"
2022-10-09,"Sunday","October"
2022-10-10,"Monday","October"
2022-10-11,"Tuesday","October"
2022-10-12,"Wednesday","October"
2022-10-13,"Thursday","October"
2022-10-14,"Friday","October"
2022-10-15,"Saturday","October"
2022-10-16,"Sunday","October"
2022-10-17,"Monday","October"
2022-10-18,"Tuesday","October"
2022-10-19,"Wednesday","October"
2022-10-20,"Thursday","October"
2022-10-21,"Friday","October"
2022-10-22,"Saturday","October"
2022-10-23,"Sunday","October"
2022-10-24,"Monday","October"
2022-10-25,"Tuesday","October"
2022-10-26,"Wednesday","October"
2022-10-27,"Thursday","October"
2022-10-28,"Friday","October"
2022-10-29,"Saturday","October"
2022-10-30,"Sunday","October"
2022-10-31,"Monday","October"
2022-11-01,"Tuesday","November"
2022-11-02,"Wednesday","November"
2022-11-03,"Thursday","November"
2022-11-04,"Friday","November"
2022-11-05,"Saturday","November"
2022-11-06,"Sunday","November"
2022-11-07,"Monday","November"
2022-11-08,"Tuesday","November"
2022-11-09,"Wednesday","November"
2022-11-10,"Thursday","November"
2022-11-11,"Friday","November"
2022-11-12,"Saturday","November"
2022-11-13,"Sunday","November"
2022-11-14,"Monday","November"
2022-11-15,"Tuesday","November"
2022-11-16,"Wednesday","November"
2022-11-17,"Thursday","November"
2022-11-18,"Friday","November"
2022-11-19,"Saturday","November"
2022-11-20,"Sunday","November"
2022-11-21,"Monday","November"
2022-11-22,"Tuesday","November"
2022-11-23,"Wednesday","November"
2022-11-24,"Thursday","November"
2022-11-25,"Friday","November"
2022-11-26,"Saturday","November"
2022-11-27,"Sunday","November"
2022-11-28,"Monday","November"
2022-11-29,"Tuesday","November"
2022-11-30,"Wednesday","November"
2022-12-01,"Thursday","December"
2022-12-02,"Friday","December"
2022-12-03,"Saturday","December"
2022-12-04,"Sunday","December"
2022-12-05,"Monday","December"
2022-12-06,"Tuesday","December"
2022-12-07,"Wednesday","December"
2022-12-08,"Thursday","December"
2022-12-09,"Friday","December"
2022-12-10,"Saturday","December"
2022-12-11,"Sunday","December"
2022-12-12,"Monday","December"
2022-12-13,"Tuesday","December"
2022-12-14,"Wednesday","December"
2022-12-15,"Thursday","December"
2022-12-16,"Friday","December"
2022-12-17,"Saturday","December"
2022-12-18,"Sunday","December"
2022-12-19,"Monday","December"
2022-12-20,"Tuesday","December"
2022-12-21,"Wednesday","December"
2022-12-22,"Thursday","December"
2022-12-23,"Friday","December"
2022-12-24,"Saturday","December"
2022-12-25,"Sunday","December"
2022-12-26,"Monday","December"
2022-12-27,"Tuesday","December"
2022-12-28,"Wednesday","December"
2022-12-29,"Thursday","December"
2022-12-30,"Friday","December"
2022-12-31,"Saturday","December"
2023-01-01,"Sunday","January"
2023-01-02,"Monday","January"
2023-01-03,"Tuesday","January"
2023-01-04,"Wednesday","January"
2023-01-05,"Thursday","January"
2023-01-06,"Friday","January"
2023-01-07,"Saturday","January"
2023-01-08,"Sunday","January"
2023-01-09,"Monday","January"
2023-01-10,"Tuesday","January"
2023-01-11,"Wednesday","January"
2023-01-12,"Thursday","January"
2023-01-13,"Friday","January"
2023-01-14,"Saturday","January"
2023-01-15,"Sunday","January"
2023-01-16,"Monday","January"
2023-01-17,"Tuesday","January"
2023-01-18,"Wednesday","January"
2023-01-19,"Thursday","January"
2023-01-20,"Friday","January"
2023-01-21,"Saturday","January"
2023-01-22,"Sunday","January"
2023-01-23,"Monday","January"
2023-01-24,"Tuesday","January"
2023-01-25,"Wednesday","January"
2023-01-26,"Thursday","January"
2023-01-27,"Friday","January"
2023-01-28,"Saturday","January"
2023-01-29,"Sunday","January"
2023-01-30,"Monday","January"
2023-01-31,"Tuesday","January"
2023-02-01,"Wednesday","February"
2023-02-02,"Thursday","February"
2023-02-03,"Friday","February"
2023-02-04,"Saturday","February"
2023-02-05,"Sunday","February"
2023-02-06,"Monday","February"
2023-02-07,"Tuesday","February"
2023-02-08,"Wednesday","February"
2023-02-09,"Thursday","February"
2023-02-10,"Friday","February"
2023-02-11,"Saturday","February"
2023-02-12,"Sunday","February"
2023-02-13,"Monday","February"
2023-02-14,"Tuesday","February"
2023-02-15,"Wednesday","February"
2023-02-16,"Thursday","February"
2023-02-17,"Friday","February"
2023-02-18,"Saturday","February"
2023-02-19,"Sunday","February"
2023-02-20,"Monday","February"
2023-02-21,"Tuesday","February"
2023-02-22,"Wednesday","February"
2023-02-23,"Thursday","February"
2023-02-24,"Friday","February"
2023-02-25,"Saturday","February"
2023-02-26,"Sunday","February"
2023-02-27,"Monday","February"
2023-02-28,"Tuesday","February"
2023-03-01,"Wednesday","March"
2023-03-02,"Thursday","March"
2023-03-03,"Friday","March"
2023-03-04,"Saturday","March"
2023-03-05,"Sunday","March"
2023-03-06,"Monday","March"
2023-03-07,"Tuesday","March"
2023-03-08,"Wednesday","March"
2023-03-09,"Thursday","March"
2023-03-10,"Friday","March"
2023-03-11,"Saturday","March"
2023-03-12,"Sunday","March"
2023-03-13,"Monday","March"
2023-03-14,"Tuesday","March"
2023-03-15,"Wednesday","March"
2023-03-16,"Thursday","March"
2023-03-17,"Friday","March"
2023-03-18,"Saturday","March"
2023-03-19,"Sunday","March"
2023-03-20,"Monday","March"
2023-03-21,"Tuesday","March"
2023-03-22,"Wednesday","March"
2023-03-23,"Thursday","March"
2023-03-24,"Friday","March"
2023-03-25,"Saturday","March"
2023-03-26,"Sunday","March"
2023-03-27,"Monday","March"
2023-03-28,"Tuesday","March"
2023-03-29,"Wednesday","March"
2023-03-30,"Thursday","March"
2023-03-31,"Friday","March"
2023-04-01,"Saturday","April"
2023-04-02,"Sunday","April"
2023-04-03,"Monday","April"
2023-04-04,"Tuesday","April"
2023-04-05,"Wednesday","April"
2023-04-06,"Thursday","April"
2023-04-07,"Friday","April"
2023-04-08,"Saturday","April"
2023-04-09,"Sunday","April"
2023-04-10,"Monday","April"
2023-04-11,"Tuesday","April"
2023-04-12,"Wednesday","April"
2023-04-13,"Thursday","April"
2023-04-14,"Friday","April"
2023-04-15,"Saturday","April"
2023-04-16,"Sunday","April"
2023-04-17,"Monday","April"
2023-04-18,"Tuesday","April"
2023-04-19,"Wednesday","April"
2023-04-20,"Thursday","April"
2023-04-21,"Friday","April"
2023-04-22,"Saturday","April"
2023-04-23,"Sunday","April"
2023-04-24,"Monday","April"
2023-04-25,"Tuesday","April"
2023-04-26,"Wednesday","April"
2023-04-27,"Thursday","April"
2023-04-28,"Friday","April"
2023-04-29,"Saturday","April"
2023-04-30,"Sunday","April"
2023-05-01,"Monday","May"
2023-05-02,"Tuesday","May"
2023-05-03,"Wednesday","May"
2023-05-04,"Thursday","May"
2023-05-05,"Friday","May"
2023-05-06,"Saturday","May"
2023-05-07,"Sunday","May"
2023-05-08,"Monday","May"
2023-05-09,"Tuesday","May"
2023-05-10,"Wednesday","May"
2023-05-11,"Thursday","May"
2023-05-12,"Friday","May"
2023-05-13,"Saturday","May"
2023-05-14,"Sunday","May"
2023-05-15,"Monday","May"
2023-05-16,"Tuesday","May"
2023-05-17,"Wednesday","May"
2023-05-18,"Thursday","May"
2023-05-19,"Friday","May"
2023-05-20,"Saturday","May"
2023-05-21,"Sunday","May"
2023-05-22,"Monday","May"
2023-05-23,"Tuesday","May"
2023-05-24,"Wednesday","May"
2023-05-25,"Thursday","May"
2023-05-26,"Friday","May"
2023-05-27,"Saturday","May"
2023-05-28,"Sunday","May"
2023-05-29,"Monday","May"
2023-05-30,"Tuesday","May"
2023-05-31,"Wednesday","May"
2023-06-01,"Thursday","June"
2023-06-02,"Friday","June"
2023-06-03,"Saturday","June"
2023-06-04,"Sunday","June"
2023-06-05,"Monday","June"
2023-06-06,"Tuesday","June"
2023-06-07,"Wednesday","June"
2023-06-08,"Thursday","June"
2023-06-09,"Friday","June"
2023-06-10,"Saturday","June"
2023-06-11,"Sunday","June"
2023-06-12,"Monday","June"
2023-06-13,"Tuesday","June"
2023-06-14,"Wednesday","June"
2023-06-15,"Thursday","June"
2023-06-16,"Friday","June"
2023-06-17,"Saturday","June"
2023-06-18,"Sunday","June"
2023-06-19,"Monday","June"
2023-06-20,"Tuesday","June"
2023-06-21,"Wednesday","June"
2023-06-22,"Thursday","June"
2023-06-23,"Friday","June"
2023-06-24,"Saturday","June"
2023-06-25,"Sunday","June"
2023-06-26,"Monday","June"
2023-06-27,"Tuesday","June"
2023-06-28,"Wednesday","June"
2023-06-29,"Thursday","June"
2023-06-30,"Friday","June"
2023-07-01,"Saturday","July"
2023-07-02,"Sunday","July"
2023-07-03,"Monday","July"
2023-07-04,"Tuesday","July"
2023-07-05,"Wednesday","July"
2023-07-06,"Thursday","July"
2023-07-07,"Friday","July"
2023-07-08,"Saturday","July"
2023-07-09,"Sunday","July"
2023-07-10,"Monday","July"
2023-07-11,"Tuesday","July"
2023-07-12,"Wednesday","July"
2023-07-13,"Thursday","July"
2023-07-14,"Friday","July"
2023-07-15,"Saturday","July"
2023-07-16,"Sunday","July"
2023-07-17,"Monday","July"
2023-07-18,"Tuesday","July"
2023-07-19,"Wednesday","July"
2023-07-20,"Thursday","July"
2023-07-21,"Friday","July"
2023-07-22,"Saturday","July"
2023-07-23,"Sunday","July"
2023-07-24,"Monday","July"
2023-07-25,"Tuesday","July"
2023-07-26,"Wednesday","July"
2023-07-27,"Thursday","July"
2023-07-28,"Friday","July"
2023-07-29,"Saturday","July"
2023-07-30,"Sunday","July"
2023-07-31,"Monday","July"
2023-08-01,"Tuesday","August"
2023-08-02,"Wednesday","August"
2023-08-03,"Thursday","August"
2023-08-04,"Friday","August"
2023-08-05,"Saturday","August"
2023-08-06,"Sunday","August"
2023-08-07,"Monday","August"
2023-08-08,"Tuesday","August"
2023-08-09,"Wednesday","August"
2023-08-10,"Thursday","August"
2023-08-11,"Friday","August"
2023-08-12,"Saturday","August"
2023-08-13,"Sunday","August"
2023-08-14,"Monday","August"
2023-08-15,"Tuesday","August"
2023-08-16,"Wednesday","August"
2023-08-17,"Thursday","August"
2023-08-18,"Friday","August"
2023-08-19,"Saturday","August"
2023-08-20,"Sunday","August"
2023-08-21,"Monday","August"
2023-08-22,"Tuesday","August"
2023-08-23,"Wednesday","August"
2023-08-24,"Thursday","August"
2023-08-25,"Friday","August"
2023-08-26,"Saturday","August"
2023-08-27,"Sunday","August"
2023-08-28,"Monday","August"
2023-08-29,"Tuesday","August"
2023-08-30,"Wednesday","August"
2023-08-31,"Thursday","August"
2023-09-01,"Friday","September"
2023-09-02,"Saturday","September"
2023-09-03,"Sunday","September"
2023-09-04,"Monday","September"
2023-09-05,"Tuesday","September"
2023-09-06,"Wednesday","September"
2023-09-07,"Thursday","September"
2023-09-08,"Friday","September"
2023-09-09,"Saturday","September"
2023-09-10,"Sunday","September"
2023-09-11,"Monday","September"
2023-09-12,"Tuesday","September"
2023-09-13,"Wednesday","September"
2023-09-14,"Thursday","September"
2023-09-15,"Friday","September"
2023-09-16,"Saturday","September"
2023-09-17,"Sunday","September"
2023-09-18,"Monday","September"
2023-09-19,"Tuesday","September"
2023-09-20,"Wednesday","September"
2023-09-21,"Thursday","September"
2023-09-22,"Friday","September"
2023-09-23,"Saturday","September"
2023-09-24,"Sunday","September"
2023-09-25,"Monday","September"
2023-09-26,"Tuesday","September"
2023-09-27,"Wednesday","September"
2023-09-28,"Thursday","September"
2023-09-29,"Friday","September"
2023-09-30,"Saturday","September"
2023-10-01,"Sunday","October"
2023-10-02,"Monday","October"
2023-10-03,"Tuesday","October"
2023-10-04,"Wednesday","October"
2023-10-05,"Thursday","October"
2023-10-06,"Friday","October"
2023-10-07,"Saturday","October"
2023-10-08,"Sunday","October"
2023-10-09,"Monday","October"
2023-10-10,"Tuesday","October"
2023-10-11,"Wednesday","October"
2023-10-12,"Thursday","October"
2023-10-13,"Friday","October"
2023-10-14,"Saturday","October"
2023-10-15,"Sunday","October"
2023-10-16,"Monday","October"
2023-10-17,"Tuesday","October"
2023-10-18,"Wednesday","October"
2023-10-19,"Thursday","October"
2023-10-20,"Friday","October"
2023-10-21,"Saturday","October"
2023-10-22,"Sunday","October"
2023-10-23,"Monday","October"
2023-10-24,"Tuesday","October"
2023-10-25,"Wednesday","October"
2023-10-26,"Thursday","October"
2023-10-27,"Friday","October"
2023-10-28,"Saturday","October"
2023-10-29,"Sunday","October"
2023-10-30,"Monday","October"
2023-10-31,"Tuesday","October"
2023-11-01,"Wednesday","November"
2023-11-02,"Thursday","November"
2023-11-03,"Friday","November"
2023-11-04,"Saturday","November"
2023-11-05,"Sunday","November"
2023-11-06,"Monday","November"
2023-11-07,"Tuesday","November"
2023-11-08,"Wednesday","November"
2023-11-09,"Thursday","November"
2023-11-10,"Friday","November"
2023-11-11,"Saturday","November"
2023-11-12,"Sunday","November"
2023-11-13,"Monday","November"
2023-11-14,"Tuesday","November"
2023-11-15,"Wednesday","November"
2023-11-16,"Thursday","November"
2023-11-17,"Friday","November"
2023-11-18,"Saturday","November"
2023-11-19,"Sunday","November"
2023-11-20,"Monday","November"
2023-11-21,"Tuesday","November"
2023-11-22,"Wednesday","November"
2023-11-23,"Thursday","November"
2023-11-24,"Friday","November"
2023-11-25,"Saturday","November"
2023-11-26,"Sunday","November"
2023-11-27,"Monday","November"
2023-11-28,"Tuesday","November"
2023-11-29,"Wednesday","November"
2023-11-30,"Thursday","November"
2023-12-01,"Friday","December"
2023-12-02,"Saturday","December"
2023-12-03,"Sunday","December"
2023-12-04,"Monday","December"
2023-12-05,"Tuesday","December"
2023-12-06,"Wednesday","December"
2023-12-07,"Thursday","December"
2023-12-08,"Friday","December"
2023-12-09,"Saturday","December"
2023-12-10,"Sunday","December"
2023-12-11,"Monday","December"
2023-12-12,"Tuesday","December"
2023-12-13,"Wednesday","December"
2023-12-14,"Thursday","December"
2023-12-15,"Friday","December"
2023-12-16,"Saturday","December"
2023-12-17,"Sunday","December"
2023-12-18,"Monday","December"
2023-12-19,"Tuesday","December"
2023-12-20,"Wednesday","December"
2023-12-21,"Thursday","December"
2023-12-22,"Friday","December"
2023-12-23,"Saturday","December"
2023-12-24,"Sunday","December"
2023-12-25,"Monday","December"
2023-12-26,"Tuesday","December"
2023-12-27,"Wednesday","December"
2023-12-28,"Thursday","December"
2023-12-29,"Friday","December"
2023-12-30,"Saturday","December"
2023-12-31,"Sunday","December"
2024-01-01,"Monday","January"
2024-01-02,"Tuesday","January"
2024-01-03,"Wednesday","January"
2024-01-04,"Thursday","January"
2024-01-05,"Friday","January"
2024-01-06,"Saturday","January"
2024-01-07,"Sunday","January"
2024-01-08,"Monday","January"
2024-01-09,"Tuesday","January"
2024-01-10,"Wednesday","January"
2024-01-11,"Thursday","January"
2024-01-12,"Friday","January"
2024-01-13,"Saturday","January"
2024-01-14,"Sunday","January"
2024-01-15,"Monday","January"
2024-01-16,"Tuesday","January"
2024-01-17,"Wednesday","January"
2024-01-18,"Thursday","January"
2024-01-19,"Friday","January"
2024-01-20,"Saturday","January"
2024-01-21,"Sunday","January"
2024-01-22,"Monday","January"
2024-01-23,"Tuesday","January"
2024-01-24,"Wednesday","January"
2024-01-25,"Thursday","January"
2024-01-26,"Friday","January"
2024-01-27,"Saturday","January"
2024-01-28,"Sunday","January"
2024-01-29,"Monday","January"
2024-01-30,"Tuesday","January"
2024-01-31,"Wednesday","January"
2024-02-01,"Thursday","February"
2024-02-02,"Friday","February"
2024-02-03,"Saturday","February"
2024-02-04,"Sunday","February"
2024-02-05,"Monday","February"
2024-02-06,"Tuesday","February"
2024-02-07,"Wednesday","February"
2024-02-08,"Thursday","February"
2024-02-09,"Friday","February"
2024-02-10,"Saturday","February"
2024-02-11,"Sunday","February"
2024-02-12,"Monday","February"
2024-02-13,"Tuesday","February"
2024-02-14,"Wednesday","February"
2024-02-15,"Thursday","February"
2024-02-16,"Friday","February"
2024-02-17,"Saturday","February"
2024-02-18,"Sunday","February"
2024-02-19,"Monday","February"
2024-02-20,"Tuesday","February"
2024-02-21,"Wednesday","February"
2024-02-22,"Thursday","February"
2024-02-23,"Friday","February"
2024-02-24,"Saturday","February"
2024-02-25,"Sunday","February"
2024-02-26,"Monday","February"
2024-02-27,"Tuesday","February"
2024-02-28,"Wednesday","February"
2024-02-29,"Thursday","February"
2024-03-01,"Friday","March"
2024-03-02,"Saturday","March"
2024-03-03,"Sunday","March"
2024-03-04,"Monday","March"
2024-03-05,"Tuesday","March"
2024-03-06,"Wednesday","March"
2024-03-07,"Thursday","March"
2024-03-08,"Friday","March"
2024-03-09,"Saturday","March"
2024-03-10,"Sunday","March"
2024-03-11,"Monday","March"
2024-03-12,"Tuesday","March"
2024-03-13,"Wednesday","March"
2024-03-14,"Thursday","March"
2024-03-15,"Friday","March"
2024-03-16,"Saturday","March"
2024-03-17,"Sunday","March"
2024-03-18,"Monday","March"
2024-03-19,"Tuesday","March"
2024-03-20,"Wednesday","March"
2024-03-21,"Thursday","March"
2024-03-22,"Friday","March"
2024-03-23,"Saturday","March"
2024-03-24,"Sunday","March"
2024-03-25,"Monday","March"
2024-03-26,"Tuesday","March"
2024-03-27,"Wednesday","March"
2024-03-28,"Thursday","March"
2024-03-29,"Friday","March"
2024-03-30,"Saturday","March"
2024-03-31,"Sunday","March"
2024-04-01,"Monday","April"
2024-04-02,"Tuesday","April"
2024-04-03,"Wednesday","April"
2024-04-04,"Thursday","April"
2024-04-05,"Friday","April"
2024-04-06,"Saturday","April"
2024-04-07,"Sunday","April"
2024-04-08,"Monday","April"
2024-04-09,"Tuesday","April"
2024-04-10,"Wednesday","April"
2024-04-11,"Thursday","April"
2024-04-12,"Friday","April"
2024-04-13,"Saturday","April"
2024-04-14,"Sunday","April"
2024-04-15,"Monday","April"
2024-04-16,"Tuesday","April"
2024-04-17,"Wednesday","April"
2024-04-18,"Thursday","April"
2024-04-19,"Friday","April"
2024-04-20,"Saturday","April"
2024-04-21,"Sunday","April"
2024-04-22,"Monday","April"
2024-04-23,"Tuesday","April"
2024-04-24,"Wednesday","April"
2024-04-25,"Thursday","April"
2024-04-26,"Friday","April"
2024-04-27,"Saturday","April"
2024-04-28,"Sunday","April"
2024-04-29,"Monday","April"
2024-04-30,"Tuesday","April"
2024-05-01,"Wednesday","May"
2024-05-02,"Thursday","May"
2024-05-03,"Friday","May"
2024-05-04,"Saturday","May"
2024-05-05,"Sunday","May"
2024-05-06,"Monday","May"
2024-05-07,"Tuesday","May"
2024-05-08,"Wednesday","May"
2024-05-09,"Thursday","May"
2024-05-10,"Friday","May"
2024-05-11,"Saturday","May"
2024-05-12,"Sunday","May"
2024-05-13,"Monday","May"
2024-05-14,"Tuesday","May"
2024-05-15,"Wednesday","May"
2024-05-16,"Thursday","May"
2024-05-17,"Friday","May"
2024-05-18,"Saturday","May"
2024-05-19,"Sunday","May"
2024-05-20,"Monday","May"
2024-05-21,"Tuesday","May"
2024-05-22,"Wednesday","May"
2024-05-23,"Thursday","May"
2024-05-24,"Friday","May"
2024-05-25,"Saturday","May"
2024-05-26,"Sunday","May"
2024-05-27,"Monday","May"
2024-05-28,"Tuesday","May"
2024-05-29,"Wednesday","May"
2024-05-30,"Thursday","May"
2024-05-31,"Friday","May"
2024-06-01,"Saturday","June"
2024-06-02,"Sunday","June"
2024-06-03,"Monday","June"
2024-06-04,"Tuesday","June"
2024-06-05,"Wednesday","June"
2024-06-06,"Thursday","June"
2024-06-07,"Friday","June"
2024-06-08,"Saturday","June"
2024-06-09,"Sunday","June"
2024-06-10,"Monday","June"
2024-06-11,"Tuesday","June"
2024-06-12,"Wednesday","June"
2024-06-13,"Thursday","June"
2024-06-14,"Friday","June"
2024-06-15,"Saturday","June"
2024-06-16,"Sunday","June"
2024-06-17,"Monday","June"
2024-06-18,"Tuesday","June"
2024-06-19,"Wednesday","June"
2024-06-20,"Thursday","June"
2024-06-21,"Friday","June"
2024-06-22,"Saturday","June"
2024-06-23,"Sunday","June"
2024-06-24,"Monday","June"
2024-06-25,"Tuesday","June"
2024-06-26,"Wednesday","June"
2024-06-27,"Thursday","June"
2024-06-28,"Friday","June"
2024-06-29,"Saturday","June"
2024-06-30,"Sunday","June"
2024-07-01,"Monday","July"
2024-07-02,"Tuesday","July"
2024-07-03,"Wednesday","July"
2024-07-04,"Thursday","July"
2024-07-05,"Friday","July"
2024-07-06,"Saturday","July"
2024-07-07,"Sunday","July"
2024-07-08,"Monday","July"
2024-07-09,"Tuesday","July"
2024-07-10,"Wednesday","July"
2024-07-11,"Thursday","July"
2024-07-12,"Friday","July"
2024-07-13,"Saturday","July"
2024-07-14,"Sunday","July"
2024-07-15,"Monday","July"
2024-07-16,"Tuesday","July"
2024-07-17,"Wednesday","July"
2024-07-18,"Thursday","July"
2024-07-19,"Friday","July"
2024-07-20,"Saturday","July"
2024-07-21,"Sunday","July"
2024-07-22,"Monday","July"
2024-07-23,"Tuesday","July"
2024-07-24,"Wednesday","July"
2024-07-25,"Thursday","July"
2024-07-26,"Friday","July"
2024-07-27,"Saturday","July"
2024-07-28,"Sunday","July"
2024-07-29,"Monday","July"
2024-07-30,"Tuesday","July"
2024-07-31,"Wednesday","July"
2024-08-01,"Thursday","August"
2024-08-02,"Friday","August"
2024-08-03,"Saturday","August"
2024-08-04,"Sunday","August"
2024-08-05,"Monday","August"
2024-08-06,"Tuesday","August"
2024-08-07,"Wednesday","August"
2024-08-08,"Thursday","August"
2024-08-09,"Friday","August"
2024-08-10,"Saturday","August"
2024-08-11,"Sunday","August"
2024-08-12,"Monday","August"
2024-08-13,"Tuesday","August"
2024-08-14,"Wednesday","August"
2024-08-15,"Thursday","August"
2024-08-16,"Friday","August"
2024-08-17,"Saturday","August"
2024-08-18,"Sunday","August"
2024-08-19,"Monday","August"
2024-08-20,"Tuesday","August"
2024-08-21,"Wednesday","August"
2024-08-22,"Thursday","August"
2024-08-23,"Friday","August"
2024-08-24,"Saturday","August"
2024-08-25,"Sunday","August"
2024-08-26,"Monday","August"
2024-08-27,"Tuesday","August"
2024-08-28,"Wednesday","August"
2024-08-29,"Thursday","August"
2024-08-30,"Friday","August"
2024-08-31,"Saturday","August"
2024-09-01,"Sunday","September"
2024-09-02,"Monday","September"
2024-09-03,"Tuesday","September"
2024-09-04,"Wednesday","September"
2024-09-05,"Thursday","September"
2024-09-06,"Friday","September"
2024-09-07,"Saturday","September"
2024-09-08,"Sunday","September"
2024-09-09,"Monday","September"
2024-09-10,"Tuesday","September"
2024-09-11,"Wednesday","September"
2024-09-12,"Thursday","September"
2024-09-13,"Friday","September"
2024-09-14,"Saturday","September"
2024-09-15,"Sunday","September"
2024-09-16,"Monday","September"
2024-09-17,"Tuesday","September"
2024-09-18,"Wednesday","September"
2024-09-19,"Thursday","September"
2024-09-20,"Friday","September"
2024-09-21,"Saturday","September"
2024-09-22,"Sunday","September"
2024-09-23,"Monday","September"
2024-09-24,"Tuesday","September"
2024-09-25,"Wednesday","September"
2024-09-26,"Thursday","September"
2024-09-27,"Friday","September"
2024-09-28,"Saturday","September"
2024-09-29,"Sunday","September"
2024-09-30,"Monday","September"
2024-10-01,"Tuesday","October"
2024-10-02,"Wednesday","October"
2024-10-03,"Thursday","October"
2024-10-04,"Friday","October"
2024-10-05,"Saturday","October"
2024-10-06,"Sunday","October"
2024-10-07,"Monday","October"
2024-10-08,"Tuesday","October"
2024-10-09,"Wednesday","October"
2024-10-10,"Thursday","October"
2024-10-11,"Friday","October"
2024-10-12,"Saturday","October"
2024-10-13,"Sunday","October"
2024-10-14,"Monday","October"
2024-10-15,"Tuesday","October"
2024-10-16,"Wednesday","October"
2024-10-17,"Thursday","October"
2024-10-18,"Friday","October"
2024-10-19,"Saturday","October"
2024-10-20,"Sunday","October"
2024-10-21,"Monday","October"
2024-10-22,"Tuesday","October"
2024-10-23,"Wednesday","October"
2024-10-24,"Thursday","October"
2024-10-25,"Friday","October"
2024-10-26,"Saturday","October"
2024-10-27,"Sunday","October"
2024-10-28,"Monday","October"
2024-10-29,"Tuesday","October"
2024-10-30,"Wednesday","October"
2024-10-31,"Thursday","October"
2024-11-01,"Friday","November"
2024-11-02,"Saturday","November"
2024-11-03,"Sunday","November"
2024-11-04,"Monday","November"
2024-11-05,"Tuesday","November"
2024-11-06,"Wednesday","November"
2024-11-07,"Thursday","November"
2024-11-08,"Friday","November"
2024-11-09,"Saturday","November"
2024-11-10,"Sunday","November"
2024-11-11,"Monday","November"
2024-11-12,"Tuesday","November"
2024-11-13,"Wednesday","November"
2024-11-14,"Thursday","November"
2024-11-15,"Friday","November"
2024-11-16,"Saturday","November"
2024-11-17,"Sunday","November"
2024-11-18,"Monday","November"
2024-11-19,"Tuesday","November"
2024-11-20,"Wednesday","November"
2024-11-21,"Thursday","November"
2024-11-22,"Friday","November"
2024-11-23,"Saturday","November"
2024-11-24,"Sunday","November"
2024-11-25,"Monday","November"
2024-11-26,"Tuesday","November"
2024-11-27,"Wednesday","November"
2024-11-28,"Thursday","November"
2024-11-29,"Friday","November"
2024-11-30,"Saturday","November"
2024-12-01,"Sunday","December"
2024-12-02,"Monday","December"
2024-12-03,"Tuesday","December"
2024-12-04,"Wednesday","December"
2024-12-05,"Thursday","December"
2024-12-06,"Friday","December"
2024-12-07,"Saturday","December"
2024-12-08,"Sunday","December"
2024-12-09,"Monday","December"
2024-12-10,"Tuesday","December"
2024-12-11,"Wednesday","December"
2024-12-12,"Thursday","December"
2024-12-13,"Friday","December"
2024-12-14,"Saturday","December"
2024-12-15,"Sunday","December"
2024-12-16,"Monday","December"
2024-12-17,"Tuesday","December"
2024-12-18,"Wednesday","December"
2024-12-19,"Thursday","December"
2024-12-20,"Friday","December"
2024-12-21,"Saturday","December"
2024-12-22,"Sunday","December"
2024-12-23,"Monday","December"
2024-12-24,"Tuesday","December"
2024-12-25,"Wednesday","December"
2024-12-26,"Thursday","December"
2024-12-27,"Friday","December"
2024-12-28,"Saturday","December"
2024-12-29,"Sunday","December"
2024-12-30,"Monday","December"
2024-12-31,"Tuesday","December"
2025-01-01,"Wednesday","January"
2025-01-02,"Thursday","January"
2025-01-03,"Friday","January"
2025-01-04,"Saturday","January"
2025-01-05,"Sunday","January"
2025-01-06,"Monday","January"
2025-01-07,"Tuesday","January"
2025-01-08,"Wednesday","January"
2025-01-09,"Thursday","January"
2025-01-10,"Friday","January"
2025-01-11,"Saturday","January"
2025-01-12,"Sunday","January"
2025-01-13,"Monday","January"
2025-01-14,"Tuesday","January"
2025-01-15,"Wednesday","January"
2025-01-16,"Thursday","January"
2025-01-17,"Friday","January"
2025-01-18,"Saturday","January"
2025-01-19,"Sunday","January"
2025-01-20,"Monday","January"
2025-01-21,"Tuesday","January"
2025-01-22,"Wednesday","January"
2025-01-23,"Thursday","January"
2025-01-24,"Friday","January"
2025-01-25,"Saturday","January"
2025-01-26,"Sunday","January"
2025-01-27,"Monday","January"
2025-01-28,"Tuesday","January"
2025-01-29,"Wednesday","January"
2025-01-30,"Thursday","January"
2025-01-31,"Friday","January"
2025-02-01,"Saturday","February"
2025-02-02,"Sunday","February"
2025-02-03,"Monday","February"
2025-02-04,"Tuesday","February"
2025-02-05,"Wednesday","February"
2025-02-06,"Thursday","February"
2025-02-07,"Friday","February"
2025-02-08,"Saturday","February"
2025-02-09,"Sunday","February"
2025-02-10,"Monday","February"
2025-02-11,"Tuesday","February"
2025-02-12,"Wednesday","February"
2025-02-13,"Thursday","February"
2025-02-14,"Friday","February"
2025-02-15,"Saturday","February"
2025-02-16,"Sunday","February"
2025-02-17,"Monday","February"
2025-02-18,"Tuesday","February"
2025-02-19,"Wednesday","February"
2025-02-20,"Thursday","February"
2025-02-21,"Friday","February"
2025-02-22,"Saturday","February"
2025-02-23,"Sunday","February"
2025-02-24,"Monday","February"
2025-02-25,"Tuesday","February"
2025-02-26,"Wednesday","February"
2025-02-27,"Thursday","February"
2025-02-28,"Friday","February"
2025-03-01,"Saturday","March"
2025-03-02,"Sunday","March"
2025-03-03,"Monday","March"
2025-03-04,"Tuesday","March"
2025-03-05,"Wednesday","March"
2025-03-06,"Thursday","March"
2025-03-07,"Friday","March"
2025-03-08,"Saturday","March"
2025-03-09,"Sunday","March"
2025-03-10,"Monday","March"
2025-03-11,"Tuesday","March"
2025-03-12,"Wednesday","March"
2025-03-13,"Thursday","March"
2025-03-14,"Friday","March"
2025-03-15,"Saturday","March"
2025-03-16,"Sunday","March"
2025-03-17,"Monday","March"
2025-03-18,"Tuesday","March"
2025-03-19,"Wednesday","March"
2025-03-20,"Thursday","March"
2025-03-21,"Friday","March"
2025-03-22,"Saturday","March"
2025-03-23,"Sunday","March"
2025-03-24,"Monday","March"
2025-03-25,"Tuesday","March"
2025-03-26,"Wednesday","March"
2025-03-27,"Thursday","March"
2025-03-28,"Friday","March"
2025-03-29,"Saturday","March"
2025-03-30,"Sunday","March"
2025-03-31,"Monday","March"
2025-04-01,"Tuesday","April"
2025-04-02,"Wednesday","April"
2025-04-03,"Thursday","April"
2025-04-04,"Friday","April"
2025-04-05,"Saturday","April"
2025-04-06,"Sunday","April"
2025-04-07,"Monday","April"
2025-04-08,"Tuesday","April"
2025-04-09,"Wednesday","April"
2025-04-10,"Thursday","April"
2025-04-11,"Friday","April"
2025-04-12,"Saturday","April"
2025-04-13,"Sunday","April"
2025-04-14,"Monday","April"
2025-04-15,"Tuesday","April"
2025-04-16,"Wednesday","April"
2025-04-17,"Thursday","April"
2025-04-18,"Friday","April"
2025-04-19,"Saturday","April"
2025-04-20,"Sunday","April"
2025-04-21,"Monday","April"
2025-04-22,"Tuesday","April"
2025-04-23,"Wednesday","April"
2025-04-24,"Thursday","April"
2025-04-25,"Friday","April"
2025-04-26,"Saturday","April"
2025-04-27,"Sunday","April"
2025-04-28,"Monday","April"
2025-04-29,"Tuesday","April"
2025-04-30,"Wednesday","April"
2025-05-01,"Thursday","May"
2025-05-02,"Friday","May"
2025-05-03,"Saturday","May"
2025-05-04,"Sunday","May"
2025-05-05,"Monday","May"
2025-05-06,"Tuesday","May"
2025-05-07,"Wednesday","May"
2025-05-08,"Thursday","May"
2025-05-09,"Friday","May"
2025-05-10,"Saturday","May"
2025-05-11,"Sunday","May"
2025-05-12,"Monday","May"
2025-05-13,"Tuesday","May"
2025-05-14,"Wednesday","May"
2025-05-15,"Thursday","May"
2025-05-16,"Friday","May"
2025-05-17,"Saturday","May"
2025-05-18,"Sunday","May"
2025-05-19,"Monday","May"
2025-05-20,"Tuesday","May"
2025-05-21,"Wednesday","May"
2025-05-22,"Thursday","May"
2025-05-23,"Friday","May"
2025-05-24,"Saturday","May"
2025-05-25,"Sunday","May"
2025-05-26,"Monday","May"
2025-05-27,"Tuesday","May"
2025-05-28,"Wednesday","May"
2025-05-29,"Thursday","May"
2025-05-30,"Friday","May"
2025-05-31,"Saturday","May"
2025-06-01,"Sunday","June"
2025-06-02,"Monday","June"
2025-06-03,"Tuesday","June"
2025-06-04,"Wednesday","June"
2025-06-05,"Thursday","June"
2025-06-06,"Friday","June"
2025-06-07,"Saturday","June"
2025-06-08,"Sunday","June"
2025-06-09,"Monday","June"
2025-06-10,"Tuesday","June"
2025-06-11,"Wednesday","June"
2025-06-12,"Thursday","June"
2025-06-13,"Friday","June"
2025-06-14,"Saturday","June"
2025-06-15,"Sunday","June"
2025-06-16,"Monday","June"
2025-06-17,"Tuesday","June"
2025-06-18,"Wednesday","June"
2025-06-19,"Thursday","June"
2025-06-20,"Friday","June"
2025-06-21,"Saturday","June"
2025-06-22,"Sunday","June"
2025-06-23,"Monday","June"
2025-06-24,"Tuesday","June"
2025-06-25,"Wednesday","June"
2025-06-26,"Thursday","June"
2025-06-27,"Friday","June"
2025-06-28,"Saturday","June"
2025-06-29,"Sunday","June"
2025-06-30,"Monday","June"
2025-07-01,"Tuesday","July"
2025-07-02,"Wednesday","July"
2025-07-03,"Thursday","July"
2025-07-04,"Friday","July"
2025-07-05,"Saturday","July"
2025-07-06,"Sunday","July"
2025-07-07,"Monday","July"
2025-07-08,"Tuesday","July"
2025-07-09,"Wednesday","July"
2025-07-10,"Thursday","July"
2025-07-11,"Friday","July"
2025-07-12,"Saturday","July"
2025-07-13,"Sunday","July"
2025-07-14,"Monday","July"
2025-07-15,"Tuesday","July"
2025-07-16,"Wednesday","July"
2025-07-17,"Thursday","July"
2025-07-18,"Friday","July"
2025-07-19,"Saturday","July"
2025-07-20,"Sunday","July"
2025-07-21,"Monday","July"
2025-07-22,"Tuesday","July"
2025-07-23,"Wednesday","July"
2025-07-24,"Thursday","July"
2025-07-25,"Friday","July"
2025-07-26,"Saturday","July"
2025-07-27,"Sunday","July"
2025-07-28,"Monday","July"
2025-07-29,"Tuesday","July"
2025-07-30,"Wednesday","July"
2025-07-31,"Thursday","July"
2025-08-01,"Friday","August"
2025-08-02,"Saturday","August"
2025-08-03,"Sunday","August"
2025-08-04,"Monday","August"
2025-08-05,"Tuesday","August"
2025-08-06,"Wednesday","August"
2025-08-07,"Thursday","August"
2025-08-08,"Friday","August"
2025-08-09,"Saturday","August"
2025-08-10,"Sunday","August"
2025-08-11,"Monday","August"
2025-08-12,"Tuesday","August"
2025-08-13,"Wednesday","August"
2025-08-14,"Thursday","August"
2025-08-15,"Friday","August"
2025-08-16,"Saturday","August"
2025-08-17,"Sunday","August"
2025-08-18,"Monday","August"
2025-08-19,"Tuesday","August"
2025-08-20,"Wednesday","August"
2025-08-21,"Thursday","August"
2025-08-22,"Friday","August"
2025-08-23,"Saturday","August"
2025-08-24,"Sunday","August"
2025-08-25,"Monday","August"
2025-08-26,"Tuesday","August"
2025-08-27,"Wednesday","August"
2025-08-28,"Thursday","August"
2025-08-29,"Friday","August"
2025-08-30,"Saturday","August"
2025-08-31,"Sunday","August"
2025-09-01,"Monday","September"
2025-09-02,"Tuesday","September"
2025-09-03,"Wednesday","September"
2025-09-04,"Thursday","September"
2025-09-05,"Friday","September"
2025-09-06,"Saturday","September"
2025-09-07,"Sunday","September"
2025-09-08,"Monday","September"
2025-09-09,"Tuesday","September"
2025-09-10,"Wednesday","September"
2025-09-11,"Thursday","September"
2025-09-12,"Friday","September"
2025-09-13,"Saturday","September"
2025-09-14,"Sunday","September"
2025-09-15,"Monday","September"
2025-09-16,"Tuesday","September"
2025-09-17,"Wednesday","September"
2025-09-18,"Thursday","September"
2025-09-19,"Friday","September"
2025-09-20,"Saturday","September"
2025-09-21,"Sunday","September"
2025-09-22,"Monday","September"
2025-09-23,"Tuesday","September"
2025-09-24,"Wednesday","September"
2025-09-25,"Thursday","September"
2025-09-26,"Friday","September"
2025-09-27,"Saturday","September"
2025-09-28,"Sunday","September"
2025-09-29,"Monday","September"
2025-09-30,"Tuesday","September"
2025-10-01,"Wednesday","October"
2025-10-02,"Thursday","October"
2025-10-03,"Friday","October"
2025-10-04,"Saturday","October"
2025-10-05,"Sunday","October"
2025-10-06,"Monday","October"
2025-10-07,"Tuesday","October"
2025-10-08,"Wednesday","October"
2025-10-09,"Thursday","October"
2025-10-10,"Friday","October"
2025-10-11,"Saturday","October"
2025-10-12,"Sunday","October"
2025-10-13,"Monday","October"
2025-10-14,"Tuesday","October"
2025-10-15,"Wednesday","October"
2025-10-16,"Thursday","October"
2025-10-17,"Friday","October"
2025-10-18,"Saturday","October"
2025-10-19,"Sunday","October"
2025-10-20,"Monday","October"
2025-10-21,"Tuesday","October"
2025-10-22,"Wednesday","October"
2025-10-23,"Thursday","October"
2025-10-24,"Friday","October"
2025-10-25,"Saturday","October"
2025-10-26,"Sunday","October"
2025-10-27,"Monday","October"
2025-10-28,"Tuesday","October"
2025-10-29,"Wednesday","October"
2025-10-30,"Thursday","October"
2025-10-31,"Friday","October"
2025-11-01,"Saturday","November"
2025-11-02,"Sunday","November"
2025-11-03,"Monday","November"
2025-11-04,"Tuesday","November"
2025-11-05,"Wednesday","November"
2025-11-06,"Thursday","November"
2025-11-07,"Friday","November"
2025-11-08,"Saturday","November"
2025-11-09,"Sunday","November"
2025-11-10,"Monday","November"
2025-11-11,"Tuesday","November"
2025-11-12,"Wednesday","November"
2025-11-13,"Thursday","November"
2025-11-14,"Friday","November"
2025-11-15,"Saturday","November"
2025-11-16,"Sunday","November"
2025-11-17,"Monday","November"
2025-11-18,"Tuesday","November"
2025-11-19,"Wednesday","November"
2025-11-20,"Thursday","November"
2025-11-21,"Friday","November"
2025-11-22,"Saturday","November"
2025-11-23,"Sunday","November"
2025-11-24,"Monday","November"
2025-11-25,"Tuesday","November"
2025-11-26,"Wednesday","November"
2025-11-27,"Thursday","November"
2025-11-28,"Friday","November"
2025-11-29,"Saturday","November"
2025-11-30,"Sunday","November"
2025-12-01,"Monday","December"
2025-12-02,"Tuesday","December"
2025-12-03,"Wednesday","December"
2025-12-04,"Thursday","December"
2025-12-05,"Friday","December"
2025-12-06,"Saturday","December"
2025-12-07,"Sunday","December"
2025-12-08,"Monday","December"
2025-12-09,"Tuesday","December"
2025-12-10,"Wednesday","December"
2025-12-11,"Thursday","December"
2025-12-12,"Friday","December"
2025-12-13,"Saturday","December"
2025-12-14,"Sunday","December"
2025-12-15,"Monday","December"
2025-12-16,"Tuesday","December"
2025-12-17,"Wednesday","December"
2025-12-18,"Thursday","December"
2025-12-19,"Friday","December"
2025-12-20,"Saturday","December"
2025-12-21,"Sunday","December"
2025-12-22,"Monday","December"
2025-12-23,"Tuesday","December"
2025-12-24,"Wednesday","December"
2025-12-25,"Thursday","December"
2025-12-26,"Friday","December"
2025-12-27,"Saturday","December"
2025-12-28,"Sunday","December"
2025-12-29,"Monday","December"
2025-12-30,"Tuesday","December"
2025-12-31,"Wednesday","December"
2026-01-01,"Thursday","January"
2026-01-02,"Friday","January"
2026-01-03,"Saturday","January"
2026-01-04,"Sunday","January"
2026-01-05,"Monday","January"
2026-01-06,"Tuesday","January"
2026-01-07,"Wednesday","January"
2026-01-08,"Thursday","January"
2026-01-09,"Friday","January"
2026-01-10,"Saturday","January"
2026-01-11,"Sunday","January"
2026-01-12,"Monday","January"
2026-01-13,"Tuesday","January"
2026-01-14,"Wednesday","January"
2026-01-15,"Thursday","January"
2026-01-16,"Friday","January"
2026-01-17,"Saturday","January"
2026-01-18,"Sunday","January"
2026-01-19,"Monday","January"
2026-01-20,"Tuesday","January"
2026-01-21,"Wednesday","January"
2026-01-22,"Thursday","January"
2026-01-23,"Friday","January"
2026-01-24,"Saturday","January"
2026-01-25,"Sunday","January"
2026-01-26,"Monday","January"
2026-01-27,"Tuesday","January"
2026-01-28,"Wednesday","January"
2026-01-29,"Thursday","January"
2026-01-30,"Friday","January"
2026-01-31,"Saturday","January"
2026-02-01,"Sunday","February"
2026-02-02,"Monday","February"
2026-02-03,"Tuesday","February"
2026-02-04,"Wednesday","February"
2026-02-05,"Thursday","February"
2026-02-06,"Friday","February"
2026-02-07,"Saturday","February"
2026-02-08,"Sunday","February"
